{
  "n": "mannyhead",
  "v": 9,
  "a": [7,18],
  "p": [
    {
      "b": 13,
      "i": [
        {
          "t": "5caf99a473f09c2faf79f851",
          "p": [0,0,0.5],
          "r": [0,0,0]
        }
      ],
      "s": [
        {
          "p": [0,0,0],
          "r": [0,0,0],
          "s": [0.1746755,0.1746921,0.01855495],
          "c": [1,1,1]
        }
      ]
    }
  ]
}